User_id,first_name,last_name,email
B00447489,Gray,Shingles,gshingles0@ucoz.ru
B00187440,Selby,Malafe,smalafe1@prweb.com
B00986808,Englebert,Jzak,ejzak2@weibo.com
B00000464,Sargent,Godard,sgodard3@prlog.org
B00575912,Cord,Branchet,cbranchet4@123-reg.co.uk
B00103171,Carlita,Lamonby,clamonby5@cpanel.net
B00359213,Siana,Starrs,sstarrs6@smh.com.au
B00927514,Mason,Harrowing,mharrowing7@chron.com
B00791278,Zeb,Wadie,zwadie8@posterous.com
B00909463,Newton,Summons,nsummons9@thetimes.co.uk
